109	T	A	1
121	T	A	1
125	C	CAG	1
184	G	A	1
244	G	A	1
280	G	T	3
295	A	G	5
305	G	T	1
331	T	A	5
340	G	T	1
345	C	A	4
350	T	C	1
355	C	A	3
355	C	G	1
356	A	C	3
364	C	T	1
369	A	C	1
662	C	T	1
667	A	G	1
701	G	C	2
707	A	G	2
712	G	T	2
714	T	C	2
722	G	A	2
732	C	T	1
733	A	T	1
737	A	G	1
756	C	T	1
776	T	C	1
937	A	T	1
951	C	A	1
1170	C	A	1
1833	A	G	2
1848	A	G	1
1854	T	A	1
2142	T	G	1
2152	G	T	2
2271	A	T	1
2456	A	T	1
2692	G	A	1
2779	T	G	3
2780	C	A	3
2783	C	T	3
2788	C	A	1
2824	G	T	3
2916	T	A	1
2944	T	G	1
3308	CA	C	1
3309	A	T	1
3313	G	T	2
3318	G	A	1
3327	C	T	1
3332	T	A	1
3339	A	C	1
3412	C	G	1
3417	T	C	1
3427	C	A	1
3578	A	T	1
3602	A	G	1
3605	T	A	1
3614	T	A	1
3617	G	A	1
3845	C	T	2
3881	T	A	1
3909	T	A	1
3963	C	A	1
3968	C	T	1
3992	C	A	1
4050	T	C	1
4051	T	C	1
4152	A	G	1
4344	T	TC	1
4348	G	A	1
4350	T	TC	1
4356	T	A	1
4360	G	A	1
4521	T	G	1
4525	A	T	1
4535	CT	C	1
4540	T	C	1
4557	T	G	1
4664	C	A	2
4839	T	A	1
4841	T	A	1
4848	T	A	1
4972	T	A	1
4983	A	C	1
5017	TATTCGATTCG	T	1
5059	A	T	1
5263	A	G	1
5267	A	T	1
5271	C	G	1
5274	C	T	2
5279	AT	A	1
5291	TC	T	2
5292	CT	C	1
5377	A	T	2
6165	T	C	1
6368	C	T	1
6535	C	T	3
6991	A	C	1
7015	T	A	1
7015	T	C	1
7085	T	G	3
7918	A	G	1
7930	AC	A	1
8073	A	T	1
8452	A	C	1
8567	T	C	1
8772	C	T	1
8773	C	T	1
8774	G	T	1
8800	G	T	1
8804	C	G	1
8820	G	A	1
8825	G	T	1
8837	T	C	1
9146	T	G	1
9147	G	T	1
9307	C	G	1
9336	A	C	1
9360	T	C	3
9412	A	G	2
9417	G	A	1
9438	CG	C	2
9471	T	G	1
9474	T	G	1
9479	T	C	2
9479	T	TC	1
9479	T	TCTGCCCC	1
9480	C	T	1
9480	T	TTCTCCA	1
9480	TC	T	2
9480	TCC	T	2
9482	C	A	1
10174	T	G	1
10176	T	C	1
10194	T	G	1
11462	A	C	1
11858	A	C	1
12654	T	G	1
13830	C	G	1
13852	A	C	1
14013	A	T	1
14246	A	G	1
14334	A	C	1
14352	G	A	1
14365	G	A	1
14368	G	T	1
14385	C	G	1
14436	T	G	1
14486	G	T	2
14730	T	C	1
14983	T	G	1
15022	T	A	1
15767	T	G	1
15912	T	A	1
16058	C	T	1
16118	C	T	1
16214	T	G	1
16232	T	G	1
16239	C	A	3
16251	T	G	1
16709	A	G	1
16721	C	G	1
16833	ATT	A	1
16845	T	A	1
17600	A	G	1
18080	A	G	4
18180	G	C	1
18403	C	A	1
19253	A	C	1
19267	G	T	1
19290	A	C	1
19292	A	C	1
19293	A	T	1
19845	C	T	3
20254	T	G	1
20304	T	G	1
20309	G	T	1
20430	C	T	1
20431	A	G	1
20712	A	C	1
20745	A	C	2
20762	CAG	C	2
20813	G	A	1
22112	A	T	1
22123	G	A	1
22148	C	T	1
22151	A	T	1
22155	A	G	1
22157	T	C	1
22163	T	A	1
22170	A	C	1
22172	C	T	1
22182	C	A	1
22185	C	G	1
22186	A	G	1
22198	C	T	1
22206	T	G	1
22220	T	G	1
22223	C	T	1
22226	G	T	1
22229	A	T	1
22234	G	C	1
22236	T	G	1
22241	T	A	1
22248	G	C	1
22264	T	A	2
22280	T	C	1
22288	A	G	1
22291	T	A	1
22301	C	G	1
22307	G	C	1
22308	C	T	1
22309	C	T	32
22311	T	A	1
22313	A	G	1
22317	C	G	1
22317	C	T	1
22324	T	A	1
22325	C	G	1
22326	G	A	41
22330	C	A	1
22332	C	T	1
22337	A	T	43
22339	T	G	1
22341	G	T	1
22343	T	A	1
22345	G	T	1
22350	T	G	1
22357	T	G	1
22359	C	A	1
22372	T	G	1
22377	A	C	1
22377	A	T	1
22378	G	C	1
22379	G	C	1
22381	T	A	1
22382	T	C	1
22390	T	C	32
22391	T	G	1
22393	A	C	1
22401	G	C	1
22401	G	T	1
22409	A	G	1
22411	C	A	30
22419	G	C	1
22429	C	T	1
22430	A	G	1
22436	C	T	1
22441	A	C	1
22444	A	C	1
22444	A	G	25
22447	C	T	2
22460	C	A	23
22461	G	A	22
22478	C	A	1
22478	C	T	20
22480	A	C	1
22480	A	G	1
22483	G	A	1
22485	A	T	1
22490	T	A	1
22494	T	G	2
22502	G	T	1
22503	T	C	1
22505	C	A	1
22507	A	C	1
22507	A	T	1
22509	C	A	2
22511	C	T	1
22514	A	C	1
22515	T	C	1
22527	G	C	1
22530	T	G	1
22531	T	A	8
22532	G	C	1
22532	G	T	1
22536	C	G	9
22558	A	G	7
22594	A	C	6
22595	A	G	6
22614	A	C	1
22636	C	A	1
23925	T	A	1
24100	A	G	1
24360	C	A	1
24833	G	T	1
26423	G	T	1
27230	C	T	2
27597	T	G	1
27764	CAG	C	1
27794	G	A	1
27832	T	G	1
27915	T	G	1
27975	A	G	1
28204	T	G	1
28664	A	C	1
28689	G	C	1
28965	T	A	1
28966	T	A	1
29056	G	A	1
29057	G	GA	1
29065	G	A	1
29066	C	A	1
29067	CAAAAAAAA	C	1
29090	AAAG	A	1
29519	G	C	1
29524	G	A	1
29557	T	C	8
29604	A	C	1
29657	G	A	8
29677	T	C	3
29682	G	A	1
29684	A	C	3
29684	A	G	1
29687	C	G	1
29693	C	G	1
29695	A	G	2
29696	AGC	A	1
29696	G	C	1
29698	C	G	1
29705	A	T	2
29708	T	G	4
29730	C	T	1
29732	G	C	1
29736	A	G	2
29747	A	G	2
29747	A	T	1
29749	C	G	1
29753	C	T	1
29757	A	C	1
29757	A	G	1
29759	T	C	2
29762	C	G	1
29765	C	T	1
29767	G	A	1
29767	G	C	1
29771	C	G	1
29772	G	C	1
29774	A	C	1
29776	C	G	1
29778	C	T	1
29781	T	C	1
29786	G	C	1
29788	A	C	1
29788	A	T	1
29789	G	C	1
29792	G	C	1
29797	C	G	1
29798	G	C	1
29799	A	G	1
29800	G	C	2
29808	T	C	1
29811	A	C	1
29811	C	CGCGG	1
29813	GCTGCCC	G	1
29814	T	C	1
29815	G	T	1
29821	G	C	1
29821	G	T	1
29826	G	C	1
29828	A	C	1
29835	T	C	1
29835	T	G	1
29837	C	T	1
29838	G	C	1
29840	G	C	1
29842	A	C	1
29844	C	T	1
29846	G	C	1
29855	G	GC	1
29866	T	C	1
29867	G	A	1
29872	G	A	1
29874	G	T	1
29879	CG	C	4
29879	G	T	1
29881	C	A	1
29885	C	G	1
29908	C	T	1
29909	G	C	1
29927	G	A	8
29951	G	A	1
29974	C	G	1
29977	T	TG	3
29998	A	C	1
30041	T	G	1
30107	C	CG	1
30171	C	T	4
30202	T	TA	3
30297	C	G	1
30308	C	G	1
30344	A	C	1
30473	T	G	1
30476	T	G	1
30516	G	C	1
30522	C	A	1
30563	G	C	1
31337	A	G	1
31367	T	C	2
31412	AAG	A	1
31746	C	T	1
31748	G	T	1
31749	A	T	1
31753	C	T	1
31815	T	A	1
31925	A	C	1
31925	A	G	1
32043	G	A	1
32049	A	C	1
32066	C	A	1
32083	A	C	1
32231	C	T	1
33468	G	A	1
33529	A	T	1
33538	G	T	1
33541	A	C	1
33548	T	C	1
33553	C	T	1
33564	G	A	1
33568	C	A	1
33574	C	T	1
33577	G	A	1
33577	G	T	1
33578	G	T	1
33587	G	T	1
33589	G	T	1
33593	A	T	1
33708	A	T	1
33740	A	T	13
33813	C	A	1
33834	T	A	1
33868	T	C	1
33887	ATCT	A	1
33889	T	A	1
33892	A	T	1
33899	A	T	4
33937	T	C	1
34634	T	G	1
34691	T	A	1
36421	C	A	1
36607	C	A	2
36768	G	C	1
36772	A	C	1
36780	G	C	1
36791	G	T	1
36792	A	T	1
36816	G	T	1
36866	G	C	1
36877	C	A	1
37233	A	C	1
37680	G	T	1
37701	A	G	1
37746	C	T	1
37762	C	T	1
37765	T	C	1
37928	T	C	1
37964	C	T	2
38018	T	C	3
38030	T	C	1
38056	A	C	1
38061	A	G	1
38068	A	T	1
38072	C	T	1
38080	A	T	1
38098	G	A	9
38103	C	G	1
38117	A	T	1
38138	A	G	21
38139	T	A	1
38144	T	C	20
38145	G	T	1
38152	T	A	1
38156	A	G	1
38160	A	C	1
38168	G	A	19
38170	G	T	1
38174	A	C	1
38175	A	C	1
38179	T	A	1
38181	T	A	20
38188	T	G	1
38190	G	A	14
38204	A	G	1
38233	A	T	11
38234	A	T	11
38239	G	A	13
38254	A	C	15
38290	G	C	10
38304	A	T	2
38305	G	T	2
38308	G	GCTCAGTTTC	1
38362	C	T	3
38379	C	CAG	4
38386	G	A	1
38392	C	A	1
38446	G	A	1
38675	T	C	4
38700	T	C	4
38870	G	A	2
38963	C	CTTTA	1
39019	A	G	1
39021	GAT	G	1
39053	T	G	1
39057	T	G	1
39058	T	C	1
39076	C	G	1
39113	A	T	4
39215	G	T	1
39316	C	A	2
39331	T	G	2
39338	C	A	2
39340	A	G	2
39360	G	A	2
39915	G	A	1
41158	G	C	1
41191	C	A	1
41207	T	C	1
41291	G	A	2
41293	C	A	2
43695	T	C	1
43699	C	T	1
44514	A	G	1
45866	T	C	1
45874	T	C	1
45949	A	G	1
45955	A	G	1
45959	A	C	1
45985	T	G	1
46001	T	C	1
46004	A	G	1
46172	C	T	1
46173	G	C	2
46221	C	A	1
46270	A	G	2
46377	C	T	1
46386	T	C	4
46387	TCCCCC	T	1
46406	C	G	1
46408	G	A	1
46408	G	C	14
46409	T	G	1
46411	A	G	1
46418	C	A	1
46431	C	G	1
46439	C	G	1
46955	CG	C	1
47285	G	T	1
47350	G	A	3
47427	C	A	1
47760	G	T	1
47894	T	C	1
47988	T	C	2
48060	A	T	1
48075	C	T	1
48094	G	T	1
48108	T	G	1
48428	C	G	1
54398	T	C	1
54630	T	C	1
54701	T	A	1
54737	T	C	1
54744	T	G	1
54801	G	A	2
54815	C	G	1
54821	T	C	1
54851	C	T	1
54867	C	G	1
54909	G	T	8
54916	C	A	4
54932	A	G	2
55015	A	T	1
55057	G	T	1
55079	G	A	1
55129	G	T	1
55204	G	T	1
55215	T	A	1
55215	T	C	1
55219	A	C	1
55219	A	G	1
55230	A	G	1
55281	G	A	1
55290	A	G	2
55298	G	A	2
55328	T	A	1
55332	C	A	1
55338	T	C	1
55408	A	C	1
55413	T	C	1
55413	T	G	1
55429	T	A	1
55432	G	C	1
55455	T	C	1
55469	C	G	1
55562	G	T	1
56230	C	T	1
56789	A	G	1
56892	G	A	1
57206	C	T	1
57268	T	C	1
58156	T	C	1
58158	T	G	1
58168	A	T	1
59576	G	C	1
59753	G	T	1
59891	C	A	1
60712	A	G	1
62307	A	C	2
62516	C	A	1
62562	G	C	1
62568	C	G	2
62587	C	T	4
62591	G	C	1
62603	G	A	1
62656	G	C	1
62678	C	T	1
62683	G	T	1
62688	A	G	1
62837	T	G	3
62840	C	T	1
62842	G	A	1
62855	C	G	1
62856	C	T	1
62877	C	T	1
62882	T	G	1
62922	C	A	1
62930	C	CGGG	1
62933	C	G	1
62934	C	T	1
62937	A	C	1
62939	T	C	4
62948	C	T	1
62950	G	C	1
62958	C	CG	1
62962	A	C	1
62967	C	T	2
62968	C	CT	1
62970	G	C	1
62971	A	C	1
62974	C	G	1
62974	C	T	2
62977	T	A	1
62977	T	C	2
62977	T	G	1
62986	G	C	1
62989	G	A	1
62991	C	G	1
62997	C	A	1
63001	G	A	1
63002	A	G	1
63010	C	T	2
63021	G	A	1
63021	G	C	1
63022	A	C	1
63025	C	T	1
63043	G	T	1
63053	A	C	1
63065	A	C	1
63109	GT	G	1
63109	T	C	1
63121	A	C	2
63305	G	C	2
63483	A	G	1
63509	A	G	4
63528	T	C	1
63533	G	C	1
63535	CG	C	1
63543	T	C	3
63553	A	G	1
63570	A	T	2
63576	T	C	2
63577	T	TCC	1
64107	T	A	1
64579	T	G	1
64585	A	T	1
64709	T	G	1
64757	C	T	1
65217	T	C	1
65239	G	C	1
67842	T	C	2
67927	C	G	1
67940	A	C	1
68269	C	T	1
69271	G	T	1
69275	G	A	1
70347	C	T	1
70419	G	C	1
70426	C	A	1
70434	A	C	1
70634	T	G	1
70641	A	C	1
70731	C	A	4
70785	C	A	1
70786	A	C	1
70818	C	G	1
70830	C	G	1
70830	C	T	1
70837	T	G	1
70915	G	A	1
71001	T	G	1
71013	A	G	2
71016	A	G	1
71494	G	A	2
71922	A	G	1
72002	T	G	1
72049	A	T	1
72071	G	C	2
72094	T	C	1
72292	G	C	1
72316	A	G	1
72424	T	G	1
72514	C	A	1
72522	CG	C	1
72588	G	A	1
72594	A	T	1
72615	A	G	1
72775	G	C	2
72784	T	G	1
72786	C	G	1
72801	T	A	1
72801	T	G	2
72802	T	TG	3
72802	T	TGG	2
72802	T	TGGG	1
72812	G	C	1
72813	C	T	2
72815	C	G	1
72821	G	C	1
72825	T	C	1
72829	C	G	14
72831	G	T	1
72833	A	G	1
72834	A	G	15
72836	G	T	1
72840	T	G	1
72854	C	G	14
72912	G	GC	2
72913	T	A	1
72913	T	C	1
73015	G	A	1
73032	T	G	1
73149	C	G	1
73219	T	C	1
75088	C	G	1
75915	G	T	2
77064	A	G	1
80067	G	A	1
81517	T	G	1
84812	A	G	1
84843	T	C	1
84856	G	T	1
85064	T	C	1
85077	T	C	1
85103	C	A	1
85162	G	A	1
86069	G	T	1
86091	A	T	1
87298	A	T	1
87439	C	T	3
87469	C	T	1
87497	C	G	1
88479	G	T	1
89047	G	T	1
89180	C	T	1
89191	G	T	1
89192	A	G	1
89197	A	T	1
89225	G	T	1
89230	C	G	1
89231	C	T	1
89240	C	T	1
89245	T	G	1
89498	A	T	1
89611	G	T	1
90388	T	C	1
91340	C	T	1
91354	G	T	1
91368	A	C	1
92274	G	C	1
92295	C	A	2
93910	C	G	1
94276	G	T	1
95278	G	T	2
95335	C	T	1
95357	C	A	1
95358	A	G	1
95388	T	C	1
