5;32563020;C;T;P53
20;41723954;A;T;SETD2
20;41763013;C;T;SETD2
X;27569870;C;A;DMD
5;32562211;C;G;P53
5;32564018;C;T;P53
5;32563073;C;T;P53
5;32563952;T;G;P53
5;32563410;A;T;P53
5;32562957;G;A;P53
5;32563770;G;A;P53
20;41711731;CT;C;SETD2
20;41737948;TA;T;SETD2
20;41713105;CAG;C;SETD2
20;41723904;G;GT;SETD2
5;32564051;A;G;P53
5;32563421;C;T;P53
5;32563412;G;T;P53
5;32563695;C;A;P53
5;32563967;C;T;P53
5;32562199;C;CA;P53
5;32563028;C;G;P53
20;41710750;C;CA;SETD2
5;32563797;C;A;P53
5;32563952;T;C;P53
5;32563697;T;C;P53
5;32563052;A;C;P53
5;32564583;T;C;P53
5;32563059;C;T;P53
5;32563388;C;A;P53
5;32564583;T;C;P53